region,bush,prop_resp,prop_ent
Midwest,276,0.5380116959064327,0.254590570719603
Northeast,211,0.4895591647331787,0.2138957816377171
South,430,0.6125356125356125,0.34838709677419355
West,207,0.5609756097560976,0.18312655086848637
